"X1","X2","n","threshold","real_n"
"AAAAGGC","C8aT",27016,0,27016
"AAAAGGC","C8bT",6271,0,6271
"AAAAGGC","C18bT",6115,1239.6936136447,4875.3063863553
"AAAAGGC","C27bT",5795,1840.32521472478,3954.67478527522
"AAAAGGC","C27aT",4402,1198.60530189013,3203.39469810987
"AAAAGGC","C9aT",1871,832.806559961671,1038.19344003833
"AAAAGGC","C9bT",1711,1012.08344058943,698.916559410565
"AAAAGGC","C12aT",999,332.995995386643,666.004004613357
"AAAAGGC","C20aT",880,426.120887067671,453.879112932329
"AAAAGGC","C0aT",744,200.293835492495,543.706164507505
"AAAAGGC","C20bT",674,311.481276760882,362.518723239118
"AAAAGGC","C7aT",247,30.3492424049175,216.650757595082
"AAAAGGC","C14aT",141,55.8050865276332,85.1949134723668
"AAAAGGC","C14bT",97,37.0771644662753,59.9228355337247
"AAAAGGC","C5aT",78,27.672315572906,50.327684427094
"AAAAGGC","C5bT",34,9.24264068711929,24.7573593128807
"AAAAGGC","C10bT",25,0,25
"AAAAGGC","C7bT",25,0,25
"AAAAGGC","C18aT",23,0,23
"AAAAGGC","C12bT",21,8.86396103067893,12.1360389693211
"AAAAGGC","C15bT",14,0,14
"AAAAGGC","C2bT",13,0,13
"AAAAGGC","C2aT",12,0,12
"AAAAGGC","C6bT",11,0,11
"AAAAGGC","C3bT",10,8.86396103067893,1.13603896932107
"AAAAGGC","C0bT",7,0,7
"AAAAGGC","C6aT",5,0,5
"AAAAGGC","C13aT",3,8.86396103067893,0
"AAAAGGC","C1bT",1,0,1
"AAACCCT","C0aT",7289,200.293835492495,7088.70616450751
"AAACCCT","C2bT",2596,0,2596
"AAACCCT","C2aT",1300,0,1300
"AAACCCT","C27bT",385,1840.32521472478,0
"AAACCCT","C18bT",334,1239.6936136447,0
"AAACCCT","C0bT",293,0,293
"AAACCCT","C27aT",260,1198.60530189013,0
"AAACCCT","C9aT",156,832.806559961671,0
"AAACCCT","C9bT",116,1012.08344058943,0
"AAACCCT","C20aT",84,426.120887067671,0
"AAACCCT","C12aT",78,332.995995386643,0
"AAACCCT","C20bT",45,311.481276760882,0
"AAACCCT","C7aT",15,30.3492424049175,0
"AAACCCT","C5aT",14,27.672315572906,0
"AAACCCT","C14aT",12,55.8050865276332,0
"AAACCCT","C14bT",9,37.0771644662753,0
"AAACCCT","C12bT",4,8.86396103067893,0
"AAACCCT","C13aT",3,8.86396103067893,0
"AAACCCT","C3bT",3,8.86396103067893,0
"AAACCCT","C8bT",3,0,3
"AAACCCT","C10bT",2,0,2
"AAACCCT","C5bT",2,9.24264068711929,0
"AAACCCT","C15aT",1,1,0
"AAACCCT","C15bT",1,0,1
"AAACCCT","C6aT",1,0,1
"AAACCCT","C7bT",1,0,1
"AAACCCT","C8aT",1,0,1
"AACAGTG","C5aT",504,27.672315572906,476.327684427094
"AACAGTG","C5bT",198,9.24264068711929,188.757359312881
"AACAGTG","C18bT",44,1239.6936136447,0
"AACAGTG","C27bT",24,1840.32521472478,0
"AACAGTG","C27aT",20,1198.60530189013,0
"AACAGTG","C9aT",13,832.806559961671,0
"AACAGTG","C9bT",9,1012.08344058943,0
"AACAGTG","C0aT",7,200.293835492495,0
"AACAGTG","C14aT",4,55.8050865276332,0
"AACAGTG","C12aT",3,332.995995386643,0
"AACAGTG","C20aT",3,426.120887067671,0
"AACAGTG","C20bT",3,311.481276760882,0
"AACAGTG","C7aT",3,30.3492424049175,0
"AACAGTG","C14bT",1,37.0771644662753,0
"AACAGTG","C2bT",1,0,1
"AACAGTG","C8bT",1,0,1
"AACCAAG","C5aT",2140,27.672315572906,2112.32768442709
"AACCAAG","C5bT",940,9.24264068711929,930.757359312881
"AACCAAG","C27bT",262,1840.32521472478,0
"AACCAAG","C18bT",171,1239.6936136447,0
"AACCAAG","C27aT",169,1198.60530189013,0
"AACCAAG","C0bT",123,0,123
"AACCAAG","C9aT",112,832.806559961671,0
"AACCAAG","C9bT",101,1012.08344058943,0
"AACCAAG","C12aT",54,332.995995386643,0
"AACCAAG","C20aT",49,426.120887067671,0
"AACCAAG","C20bT",45,311.481276760882,0
"AACCAAG","C0aT",43,200.293835492495,0
"AACCAAG","C7aT",7,30.3492424049175,0
"AACCAAG","C12bT",5,8.86396103067893,0
"AACCAAG","C14aT",4,55.8050865276332,0
"AACCAAG","C14bT",4,37.0771644662753,0
"AACCAAG","C10bT",3,0,3
"AACCAAG","C18aT",2,0,2
"AACCAAG","C8bT",2,0,2
"AACCAAG","C15bT",1,0,1
"AACCAAG","C2bT",1,0,1
"AACCAAG","C7bT",1,0,1
"AACCGCT","C0aT",158,200.293835492495,0
"AACCGCT","C5aT",115,27.672315572906,87.327684427094
"AACCGCT","C18bT",49,1239.6936136447,0
"AACCGCT","C27bT",45,1840.32521472478,0
"AACCGCT","C27aT",36,1198.60530189013,0
"AACCGCT","C5bT",34,9.24264068711929,24.7573593128807
"AACCGCT","C9bT",27,1012.08344058943,0
"AACCGCT","C9aT",20,832.806559961671,0
"AACCGCT","C0bT",16,0,16
"AACCGCT","C12aT",12,332.995995386643,0
"AACCGCT","C20aT",7,426.120887067671,0
"AACCGCT","C20bT",5,311.481276760882,0
"AACCGCT","C15aT",2,1,1
"AACCGCT","C2bT",2,0,2
"AACCGCT","C14aT",1,55.8050865276332,0
"AACCGCT","C14bT",1,37.0771644662753,0
"AACCGCT","C15bT",1,0,1
"AACCGCT","C2aT",1,0,1
"AACCGCT","C7aT",1,30.3492424049175,0
"AACGTGT","C5aT",206,27.672315572906,178.327684427094
"AACGTGT","C5bT",71,9.24264068711929,61.7573593128807
"AACGTGT","C14aT",63,55.8050865276332,7.19491347236679
"AACGTGT","C27bT",55,1840.32521472478,0
"AACGTGT","C18bT",48,1239.6936136447,0
"AACGTGT","C27aT",42,1198.60530189013,0
"AACGTGT","C14bT",39,37.0771644662753,1.92283553372465
"AACGTGT","C9bT",31,1012.08344058943,0
"AACGTGT","C9aT",18,832.806559961671,0
"AACGTGT","C12aT",13,332.995995386643,0
"AACGTGT","C20aT",9,426.120887067671,0
"AACGTGT","C0aT",7,200.293835492495,0
"AACGTGT","C7bT",7,0,7
"AACGTGT","C20bT",6,311.481276760882,0
"AACGTGT","C7aT",3,30.3492424049175,0
"AACGTGT","C12bT",1,8.86396103067893,0
"AACGTGT","C13aT",1,8.86396103067893,0
"AACGTGT","C15aT",1,1,0
"AACGTGT","C3aT",1,0,1
"AACGTGT","C3bT",1,8.86396103067893,0
"AAGCACA","C5aT",10426,27.672315572906,10398.3276844271
"AAGCACA","C5bT",4521,9.24264068711929,4511.75735931288
"AAGCACA","C27bT",1330,1840.32521472478,0
"AAGCACA","C18bT",1109,1239.6936136447,0
"AAGCACA","C27aT",938,1198.60530189013,0
"AAGCACA","C9aT",624,832.806559961671,0
"AAGCACA","C9bT",497,1012.08344058943,0
"AAGCACA","C12aT",318,332.995995386643,0
"AAGCACA","C20aT",284,426.120887067671,0
"AAGCACA","C0aT",268,200.293835492495,67.7061645075054
"AAGCACA","C20bT",200,311.481276760882,0
"AAGCACA","C7aT",67,30.3492424049175,36.6507575950825
"AAGCACA","C7bT",66,0,66
"AAGCACA","C14aT",38,55.8050865276332,0
"AAGCACA","C12bT",17,8.86396103067893,8.13603896932107
"AAGCACA","C14bT",17,37.0771644662753,0
"AAGCACA","C8bT",14,0,14
"AAGCACA","C18aT",7,0,7
"AAGCACA","C3bT",7,8.86396103067893,0
"AAGCACA","C13aT",5,8.86396103067893,0
"AAGCACA","C8aT",5,0,5
"AAGCACA","C10bT",4,0,4
"AAGCACA","C2bT",4,0,4
"AAGCACA","C2aT",3,0,3
"AAGCACA","C15aT",2,1,1
"AAGCACA","C0bT",1,0,1
"AAGCACA","C15bT",1,0,1
"AATGCCT","C6bT",25590,0,25590
"AATGCCT","C6aT",6431,0,6431
"AATGCCT","C27bT",938,1840.32521472478,0
"AATGCCT","C18bT",685,1239.6936136447,0
"AATGCCT","C27aT",608,1198.60530189013,0
"AATGCCT","C9aT",437,832.806559961671,0
"AATGCCT","C9bT",408,1012.08344058943,0
"AATGCCT","C12aT",231,332.995995386643,0
"AATGCCT","C20aT",190,426.120887067671,0
"AATGCCT","C0aT",186,200.293835492495,0
"AATGCCT","C12bT",161,8.86396103067893,152.136038969321
"AATGCCT","C20bT",148,311.481276760882,0
"AATGCCT","C14aT",32,55.8050865276332,0
"AATGCCT","C7aT",32,30.3492424049175,1.6507575950825
"AATGCCT","C5aT",17,27.672315572906,0
"AATGCCT","C8bT",12,0,12
"AATGCCT","C5bT",11,9.24264068711929,1.75735931288071
"AATGCCT","C13aT",8,8.86396103067893,0
"AATGCCT","C14bT",8,37.0771644662753,0
"AATGCCT","C15aT",8,1,7
"AATGCCT","C18aT",8,0,8
"AATGCCT","C15bT",7,0,7
"AATGCCT","C3bT",3,8.86396103067893,0
"AATGCCT","C2aT",2,0,2
"AATGCCT","C8aT",2,0,2
"AATGCCT","C2bT",1,0,1
"AATGCCT","C7bT",1,0,1
"ACAAAGC","C8aT",3242,0,3242
"ACAAAGC","C18bT",2263,1239.6936136447,1023.3063863553
"ACAAAGC","C27bT",1320,1840.32521472478,0
"ACAAAGC","C27aT",774,1198.60530189013,0
"ACAAAGC","C8bT",767,0,767
"ACAAAGC","C9aT",306,832.806559961671,0
"ACAAAGC","C9bT",300,1012.08344058943,0
"ACAAAGC","C12aT",167,332.995995386643,0
"ACAAAGC","C20aT",147,426.120887067671,0
"ACAAAGC","C0aT",130,200.293835492495,0
"ACAAAGC","C20bT",121,311.481276760882,0
"ACAAAGC","C14aT",16,55.8050865276332,0
"ACAAAGC","C12bT",15,8.86396103067893,6.13603896932107
"ACAAAGC","C15aT",14,1,13
"ACAAAGC","C18aT",14,0,14
"ACAAAGC","C5aT",14,27.672315572906,0
"ACAAAGC","C7aT",11,30.3492424049175,0
"ACAAAGC","C5bT",8,9.24264068711929,0
"ACAAAGC","C3bT",7,8.86396103067893,0
"ACAAAGC","C14bT",6,37.0771644662753,0
"ACAAAGC","C10bT",5,0,5
"ACAAAGC","C13aT",5,8.86396103067893,0
"ACAAAGC","C2aT",5,0,5
"ACAAAGC","C2bT",4,0,4
"ACAAAGC","C7bT",4,0,4
"ACAAAGC","C0bT",1,0,1
"ACAAAGC","C15bT",1,0,1
"ACAAAGC","C6bT",1,0,1
"ACACGTG","C5aT",355,27.672315572906,327.327684427094
"ACACGTG","C0aT",305,200.293835492495,104.706164507505
"ACACGTG","C5bT",139,9.24264068711929,129.757359312881
"ACACGTG","C0bT",41,0,41
"ACACGTG","C27aT",13,1198.60530189013,0
"ACACGTG","C27bT",10,1840.32521472478,0
"ACACGTG","C18bT",6,1239.6936136447,0
"ACACGTG","C9bT",5,1012.08344058943,0
"ACACGTG","C20bT",3,311.481276760882,0
"ACACGTG","C9aT",3,832.806559961671,0
"ACACGTG","C12aT",2,332.995995386643,0
"ACACGTG","C7aT",2,30.3492424049175,0
"ACACGTG","C15bT",1,0,1
"ACACGTG","C3aT",1,0,1
"ACAGGAT","C8aT",1378,0,1378
"ACAGGAT","C8bT",223,0,223
"ACAGGAT","C27bT",132,1840.32521472478,0
"ACAGGAT","C18bT",101,1239.6936136447,0
"ACAGGAT","C27aT",101,1198.60530189013,0
"ACAGGAT","C9aT",77,832.806559961671,0
"ACAGGAT","C9bT",39,1012.08344058943,0
"ACAGGAT","C12aT",32,332.995995386643,0
"ACAGGAT","C20aT",19,426.120887067671,0
"ACAGGAT","C0aT",16,200.293835492495,0
"ACAGGAT","C20bT",12,311.481276760882,0
"ACAGGAT","C7bT",6,0,6
"ACAGGAT","C14aT",5,55.8050865276332,0
"ACAGGAT","C5aT",4,27.672315572906,0
"ACAGGAT","C7aT",4,30.3492424049175,0
"ACAGGAT","C12bT",3,8.86396103067893,0
"ACAGGAT","C5bT",2,9.24264068711929,0
"ACAGGAT","C10bT",1,0,1
"ACAGGAT","C14bT",1,37.0771644662753,0
"ACAGGAT","C15aT",1,1,0
"ACAGGAT","C2bT",1,0,1
"ACAGGAT","C3bT",1,8.86396103067893,0
"ACAGGAT","C6bT",1,0,1
"ACATTCA","C5aT",2998,27.672315572906,2970.32768442709
"ACATTCA","C6bT",2355,0,2355
"ACATTCA","C5bT",1279,9.24264068711929,1269.75735931288
"ACATTCA","C18bT",367,1239.6936136447,0
"ACATTCA","C27bT",339,1840.32521472478,0
"ACATTCA","C6aT",307,0,307
"ACATTCA","C12bT",217,8.86396103067893,208.136038969321
"ACATTCA","C27aT",216,1198.60530189013,0
"ACATTCA","C9aT",156,832.806559961671,0
"ACATTCA","C9bT",108,1012.08344058943,0
"ACATTCA","C20aT",78,426.120887067671,0
"ACATTCA","C12aT",76,332.995995386643,0
"ACATTCA","C0aT",64,200.293835492495,0
"ACATTCA","C20bT",41,311.481276760882,0
"ACATTCA","C7aT",10,30.3492424049175,0
"ACATTCA","C14bT",5,37.0771644662753,0
"ACATTCA","C14aT",3,55.8050865276332,0
"ACATTCA","C15aT",2,1,1
"ACATTCA","C15bT",2,0,2
"ACATTCA","C8bT",2,0,2
"ACATTCA","C0bT",1,0,1
"ACATTCA","C13aT",1,8.86396103067893,0
"ACATTCA","C18aT",1,0,1
"ACATTCA","C2aT",1,0,1
"ACATTCA","C3bT",1,8.86396103067893,0
"ACCAGAT","C5aT",1220,27.672315572906,1192.32768442709
"ACCAGAT","C5bT",527,9.24264068711929,517.757359312881
"ACCAGAT","C27bT",179,1840.32521472478,0
"ACCAGAT","C18bT",131,1239.6936136447,0
"ACCAGAT","C27aT",98,1198.60530189013,0
"ACCAGAT","C9bT",61,1012.08344058943,0
"ACCAGAT","C9aT",60,832.806559961671,0
"ACCAGAT","C12aT",36,332.995995386643,0
"ACCAGAT","C20aT",35,426.120887067671,0
"ACCAGAT","C20bT",23,311.481276760882,0
"ACCAGAT","C0aT",20,200.293835492495,0
"ACCAGAT","C7aT",8,30.3492424049175,0
"ACCAGAT","C14aT",3,55.8050865276332,0
"ACCAGAT","C7bT",3,0,3
"ACCAGAT","C12bT",2,8.86396103067893,0
"ACCAGAT","C14bT",2,37.0771644662753,0
"ACCAGAT","C3bT",2,8.86396103067893,0
"ACCAGAT","C15aT",1,1,0
"ACCAGAT","C15bT",1,0,1
"ACCAGAT","C8aT",1,0,1
"ACGGAAC","C5aT",948,27.672315572906,920.327684427094
"ACGGAAC","C5bT",397,9.24264068711929,387.757359312881
"ACGGAAC","C27bT",70,1840.32521472478,0
"ACGGAAC","C18bT",46,1239.6936136447,0
"ACGGAAC","C9aT",27,832.806559961671,0
"ACGGAAC","C0aT",25,200.293835492495,0
"ACGGAAC","C27aT",21,1198.60530189013,0
"ACGGAAC","C9bT",19,1012.08344058943,0
"ACGGAAC","C20aT",15,426.120887067671,0
"ACGGAAC","C12aT",14,332.995995386643,0
"ACGGAAC","C20bT",7,311.481276760882,0
"ACGGAAC","C7bT",6,0,6
"ACGGAAC","C14aT",3,55.8050865276332,0
"ACGGAAC","C13aT",2,8.86396103067893,0
"ACGGAAC","C14bT",1,37.0771644662753,0
"ACGGAAC","C3bT",1,8.86396103067893,0
"ACGGAAC","C7aT",1,30.3492424049175,0
"ACGGAAC","C8aT",1,0,1
"ACGGAAC","C8bT",1,0,1
"ACGTCAT","C0aT",1861,200.293835492495,1660.70616450751
"ACGTCAT","C2bT",578,0,578
"ACGTCAT","C2aT",309,0,309
"ACGTCAT","C0bT",129,0,129
"ACGTCAT","C27bT",123,1840.32521472478,0
"ACGTCAT","C18bT",114,1239.6936136447,0
"ACGTCAT","C27aT",72,1198.60530189013,0
"ACGTCAT","C9aT",43,832.806559961671,0
"ACGTCAT","C12aT",31,332.995995386643,0
"ACGTCAT","C9bT",31,1012.08344058943,0
"ACGTCAT","C20aT",20,426.120887067671,0
"ACGTCAT","C20bT",16,311.481276760882,0
"ACGTCAT","C5aT",4,27.672315572906,0
"ACGTCAT","C14aT",2,55.8050865276332,0
"ACGTCAT","C7aT",2,30.3492424049175,0
"ACGTCAT","C3bT",1,8.86396103067893,0
"ACGTCAT","C5bT",1,9.24264068711929,0
"ACGTCAT","C7bT",1,0,1
"ACGTTGC","C0aT",22988,200.293835492495,22787.7061645075
"ACGTTGC","C5aT",13000,27.672315572906,12972.3276844271
"ACGTTGC","C5bT",5444,9.24264068711929,5434.75735931288
"ACGTTGC","C18bT",2584,1239.6936136447,1344.3063863553
"ACGTTGC","C0bT",2299,0,2299
"ACGTTGC","C27bT",2043,1840.32521472478,202.674785275223
"ACGTTGC","C27aT",1340,1198.60530189013,141.394698109867
"ACGTTGC","C9aT",609,832.806559961671,0
"ACGTTGC","C9bT",551,1012.08344058943,0
"ACGTTGC","C20aT",326,426.120887067671,0
"ACGTTGC","C12aT",292,332.995995386643,0
"ACGTTGC","C20bT",240,311.481276760882,0
"ACGTTGC","C14aT",62,55.8050865276332,6.19491347236679
"ACGTTGC","C7aT",41,30.3492424049175,10.6507575950825
"ACGTTGC","C14bT",34,37.0771644662753,0
"ACGTTGC","C7bT",21,0,21
"ACGTTGC","C8bT",21,0,21
"ACGTTGC","C3bT",14,8.86396103067893,5.13603896932107
"ACGTTGC","C12bT",10,8.86396103067893,1.13603896932107
"ACGTTGC","C8aT",9,0,9
"ACGTTGC","C2aT",8,0,8
"ACGTTGC","C13aT",7,8.86396103067893,0
"ACGTTGC","C2bT",7,0,7
"ACGTTGC","C15aT",6,1,5
"ACGTTGC","C6bT",5,0,5
"ACGTTGC","C18aT",4,0,4
"ACGTTGC","C15bT",3,0,3
"ACTGTGT","C27bT",827,1840.32521472478,0
"ACTGTGT","C18bT",609,1239.6936136447,0
"ACTGTGT","C27aT",529,1198.60530189013,0
"ACTGTGT","C9bT",443,1012.08344058943,0
"ACTGTGT","C9aT",422,832.806559961671,0
"ACTGTGT","C20aT",204,426.120887067671,0
"ACTGTGT","C12aT",166,332.995995386643,0
"ACTGTGT","C20bT",138,311.481276760882,0
"ACTGTGT","C0aT",102,200.293835492495,0
"ACTGTGT","C14aT",25,55.8050865276332,0
"ACTGTGT","C7aT",19,30.3492424049175,0
"ACTGTGT","C14bT",16,37.0771644662753,0
"ACTGTGT","C5aT",14,27.672315572906,0
"ACTGTGT","C8bT",14,0,14
"ACTGTGT","C12bT",4,8.86396103067893,0
"ACTGTGT","C13aT",4,8.86396103067893,0
"ACTGTGT","C15bT",4,0,4
"ACTGTGT","C3bT",4,8.86396103067893,0
"ACTGTGT","C5bT",4,9.24264068711929,0
"ACTGTGT","C8aT",3,0,3
"ACTGTGT","C18aT",2,0,2
"ACTGTGT","C10bT",1,0,1
"ACTGTGT","C15aT",1,1,0
"ACTGTGT","C2bT",1,0,1
"ACTGTGT","C6bT",1,0,1
"AGAAGAC","C5aT",241,27.672315572906,213.327684427094
"AGAAGAC","C5bT",97,9.24264068711929,87.7573593128807
"AGAAGAC","C18bT",44,1239.6936136447,0
"AGAAGAC","C27bT",28,1840.32521472478,0
"AGAAGAC","C9aT",17,832.806559961671,0
"AGAAGAC","C9bT",16,1012.08344058943,0
"AGAAGAC","C27aT",15,1198.60530189013,0
"AGAAGAC","C12aT",8,332.995995386643,0
"AGAAGAC","C20bT",6,311.481276760882,0
"AGAAGAC","C20aT",5,426.120887067671,0
"AGAAGAC","C7bT",3,0,3
"AGAAGAC","C0aT",2,200.293835492495,0
"AGAAGAC","C15bT",1,0,1
"AGAAGAC","C7aT",1,30.3492424049175,0
"AGTCGTG","C8aT",129,0,129
"AGTCGTG","C8bT",20,0,20
"AGTCGTG","C27aT",12,1198.60530189013,0
"AGTCGTG","C9bT",9,1012.08344058943,0
"AGTCGTG","C27bT",8,1840.32521472478,0
"AGTCGTG","C12aT",6,332.995995386643,0
"AGTCGTG","C18bT",6,1239.6936136447,0
"AGTCGTG","C9aT",5,832.806559961671,0
"AGTCGTG","C0aT",2,200.293835492495,0
"AGTCGTG","C20aT",2,426.120887067671,0
"AGTCGTG","C12bT",1,8.86396103067893,0
"AGTCGTG","C5aT",1,27.672315572906,0
"ATAGAGC","C8aT",189,0,189
"ATAGAGC","C18bT",53,1239.6936136447,0
"ATAGAGC","C27bT",49,1840.32521472478,0
"ATAGAGC","C27aT",37,1198.60530189013,0
"ATAGAGC","C8bT",23,0,23
"ATAGAGC","C9aT",16,832.806559961671,0
"ATAGAGC","C20aT",14,426.120887067671,0
"ATAGAGC","C12aT",7,332.995995386643,0
"ATAGAGC","C9bT",7,1012.08344058943,0
"ATAGAGC","C0aT",4,200.293835492495,0
"ATAGAGC","C2bT",2,0,2
"ATAGAGC","C12bT",1,8.86396103067893,0
"ATAGAGC","C15aT",1,1,0
"ATAGAGC","C15bT",1,0,1
"ATAGAGC","C20bT",1,311.481276760882,0
"ATAGAGC","C3bT",1,8.86396103067893,0
"ATCATTA","C5aT",7252,27.672315572906,7224.32768442709
"ATCATTA","C5bT",3286,9.24264068711929,3276.75735931288
"ATCATTA","C18bT",1126,1239.6936136447,0
"ATCATTA","C27bT",780,1840.32521472478,0
"ATCATTA","C27aT",557,1198.60530189013,0
"ATCATTA","C9aT",303,832.806559961671,0
"ATCATTA","C9bT",194,1012.08344058943,0
"ATCATTA","C20aT",141,426.120887067671,0
"ATCATTA","C0aT",131,200.293835492495,0
"ATCATTA","C12aT",107,332.995995386643,0
"ATCATTA","C20bT",96,311.481276760882,0
"ATCATTA","C7aT",26,30.3492424049175,0
"ATCATTA","C14aT",14,55.8050865276332,0
"ATCATTA","C7bT",14,0,14
"ATCATTA","C18aT",11,0,11
"ATCATTA","C14bT",9,37.0771644662753,0
"ATCATTA","C3bT",7,8.86396103067893,0
"ATCATTA","C15aT",6,1,5
"ATCATTA","C8bT",6,0,6
"ATCATTA","C8aT",5,0,5
"ATCATTA","C12bT",4,8.86396103067893,0
"ATCATTA","C10bT",3,0,3
"ATCATTA","C15bT",3,0,3
"ATCATTA","C2bT",2,0,2
"ATCATTA","C3aT",2,0,2
"ATCATTA","C6bT",2,0,2
"ATCATTA","C0bT",1,0,1
"ATCATTA","C13aT",1,8.86396103067893,0
"ATCATTA","C2aT",1,0,1
"ATCATTA","C6aT",1,0,1
"ATCCAGT","C0aT",1354,200.293835492495,1153.70616450751
"ATCCAGT","C5aT",433,27.672315572906,405.327684427094
"ATCCAGT","C27bT",258,1840.32521472478,0
"ATCCAGT","C18bT",205,1239.6936136447,0
"ATCCAGT","C5bT",161,9.24264068711929,151.757359312881
"ATCCAGT","C27aT",118,1198.60530189013,0
"ATCCAGT","C9aT",103,832.806559961671,0
"ATCCAGT","C0bT",89,0,89
"ATCCAGT","C9bT",88,1012.08344058943,0
"ATCCAGT","C20aT",47,426.120887067671,0
"ATCCAGT","C12aT",45,332.995995386643,0
"ATCCAGT","C20bT",29,311.481276760882,0
"ATCCAGT","C14aT",7,55.8050865276332,0
"ATCCAGT","C13aT",4,8.86396103067893,0
"ATCCAGT","C7aT",4,30.3492424049175,0
"ATCCAGT","C14bT",3,37.0771644662753,0
"ATCCAGT","C3bT",3,8.86396103067893,0
"ATCCAGT","C7bT",2,0,2
"ATCCAGT","C10bT",1,0,1
"ATCCAGT","C15bT",1,0,1
"ATCCAGT","C18aT",1,0,1
"ATCCAGT","C8bT",1,0,1
"CAGTAGG","C0aT",1457,200.293835492495,1256.70616450751
"CAGTAGG","C5aT",850,27.672315572906,822.327684427094
"CAGTAGG","C5bT",291,9.24264068711929,281.757359312881
"CAGTAGG","C18bT",159,1239.6936136447,0
"CAGTAGG","C27bT",147,1840.32521472478,0
"CAGTAGG","C27aT",91,1198.60530189013,0
"CAGTAGG","C0bT",75,0,75
"CAGTAGG","C9aT",56,832.806559961671,0
"CAGTAGG","C9bT",39,1012.08344058943,0
"CAGTAGG","C12aT",35,332.995995386643,0
"CAGTAGG","C20bT",23,311.481276760882,0
"CAGTAGG","C20aT",20,426.120887067671,0
"CAGTAGG","C7aT",3,30.3492424049175,0
"CAGTAGG","C10bT",2,0,2
"CAGTAGG","C14aT",2,55.8050865276332,0
"CAGTAGG","C18aT",2,0,2
"CAGTAGG","C8aT",2,0,2
"CAGTAGG","C15aT",1,1,0
"CAGTAGG","C2bT",1,0,1
"CAGTAGG","C3bT",1,8.86396103067893,0
"CAGTAGG","C8bT",1,0,1
"CATCGGT","C5aT",1182,27.672315572906,1154.32768442709
"CATCGGT","C5bT",487,9.24264068711929,477.757359312881
"CATCGGT","C0bT",111,0,111
"CATCGGT","C27bT",101,1840.32521472478,0
"CATCGGT","C18bT",72,1239.6936136447,0
"CATCGGT","C27aT",72,1198.60530189013,0
"CATCGGT","C9aT",48,832.806559961671,0
"CATCGGT","C9bT",38,1012.08344058943,0
"CATCGGT","C20bT",23,311.481276760882,0
"CATCGGT","C20aT",21,426.120887067671,0
"CATCGGT","C12aT",16,332.995995386643,0
"CATCGGT","C0aT",11,200.293835492495,0
"CATCGGT","C14aT",4,55.8050865276332,0
"CATCGGT","C12bT",3,8.86396103067893,0
"CATCGGT","C3aT",3,0,3
"CATCGGT","C8aT",3,0,3
"CATCGGT","C14bT",1,37.0771644662753,0
"CATCGGT","C15aT",1,1,0
"CATCGGT","C15bT",1,0,1
"CATCGGT","C6bT",1,0,1
"CATCGGT","C7aT",1,30.3492424049175,0
"CATCGGT","C8bT",1,0,1
"CATGAAG","C5aT",342,27.672315572906,314.327684427094
"CATGAAG","C5bT",156,9.24264068711929,146.757359312881
"CATGAAG","C27bT",76,1840.32521472478,0
"CATGAAG","C18bT",69,1239.6936136447,0
"CATGAAG","C27aT",39,1198.60530189013,0
"CATGAAG","C9bT",23,1012.08344058943,0
"CATGAAG","C20bT",14,311.481276760882,0
"CATGAAG","C9aT",14,832.806559961671,0
"CATGAAG","C20aT",12,426.120887067671,0
"CATGAAG","C0aT",11,200.293835492495,0
"CATGAAG","C12aT",10,332.995995386643,0
"CATGAAG","C14bT",2,37.0771644662753,0
"CATGAAG","C2aT",2,0,2
"CATGAAG","C7bT",2,0,2
"CATGAAG","C6bT",1,0,1
"CATGAAG","C7aT",1,30.3492424049175,0
"CCACTAG","C0aT",6093,200.293835492495,5892.70616450751
"CCACTAG","C5aT",2912,27.672315572906,2884.32768442709
"CCACTAG","C5bT",1229,9.24264068711929,1219.75735931288
"CCACTAG","C18bT",690,1239.6936136447,0
"CCACTAG","C27bT",615,1840.32521472478,0
"CCACTAG","C27aT",424,1198.60530189013,0
"CCACTAG","C0bT",403,0,403
"CCACTAG","C9aT",229,832.806559961671,0
"CCACTAG","C9bT",199,1012.08344058943,0
"CCACTAG","C12aT",135,332.995995386643,0
"CCACTAG","C20aT",116,426.120887067671,0
"CCACTAG","C20bT",77,311.481276760882,0
"CCACTAG","C7aT",17,30.3492424049175,0
"CCACTAG","C14aT",11,55.8050865276332,0
"CCACTAG","C8bT",8,0,8
"CCACTAG","C7bT",7,0,7
"CCACTAG","C14bT",6,37.0771644662753,0
"CCACTAG","C3bT",6,8.86396103067893,0
"CCACTAG","C12bT",4,8.86396103067893,0
"CCACTAG","C18aT",3,0,3
"CCACTAG","C10bT",2,0,2
"CCACTAG","C15bT",2,0,2
"CCACTAG","C2aT",2,0,2
"CCACTAG","C13aT",1,8.86396103067893,0
"CCATCTC","C5aT",57,27.672315572906,29.327684427094
"CCATCTC","C5bT",31,9.24264068711929,21.7573593128807
"CCATCTC","C27bT",14,1840.32521472478,0
"CCATCTC","C18bT",5,1239.6936136447,0
"CCATCTC","C9aT",5,832.806559961671,0
"CCATCTC","C20aT",4,426.120887067671,0
"CCATCTC","C27aT",3,1198.60530189013,0
"CCATCTC","C0aT",2,200.293835492495,0
"CCATCTC","C12aT",2,332.995995386643,0
"CCATCTC","C20bT",1,311.481276760882,0
"CCATCTC","C9bT",1,1012.08344058943,0
"CCATTCA","C5aT",352,27.672315572906,324.327684427094
"CCATTCA","C5bT",125,9.24264068711929,115.757359312881
"CCATTCA","C18bT",32,1239.6936136447,0
"CCATTCA","C27bT",23,1840.32521472478,0
"CCATTCA","C27aT",13,1198.60530189013,0
"CCATTCA","C9aT",12,832.806559961671,0
"CCATTCA","C0aT",10,200.293835492495,0
"CCATTCA","C9bT",7,1012.08344058943,0
"CCATTCA","C20aT",4,426.120887067671,0
"CCATTCA","C20bT",4,311.481276760882,0
"CCATTCA","C12aT",3,332.995995386643,0
"CCATTCA","C14aT",2,55.8050865276332,0
"CCATTCA","C6bT",2,0,2
"CCATTCA","C13aT",1,8.86396103067893,0
"CCATTCA","C14bT",1,37.0771644662753,0
"CCATTCA","C7aT",1,30.3492424049175,0
"CCATTCA","C7bT",1,0,1
"CGATCAC","C5aT",423,27.672315572906,395.327684427094
"CGATCAC","C5bT",127,9.24264068711929,117.757359312881
"CGATCAC","C18bT",60,1239.6936136447,0
"CGATCAC","C0bT",51,0,51
"CGATCAC","C27bT",51,1840.32521472478,0
"CGATCAC","C27aT",41,1198.60530189013,0
"CGATCAC","C9aT",30,832.806559961671,0
"CGATCAC","C9bT",29,1012.08344058943,0
"CGATCAC","C20aT",18,426.120887067671,0
"CGATCAC","C12aT",10,332.995995386643,0
"CGATCAC","C20bT",9,311.481276760882,0
"CGATCAC","C0aT",7,200.293835492495,0
"CGATCAC","C7bT",5,0,5
"CGATCAC","C14aT",3,55.8050865276332,0
"CGATCAC","C8aT",3,0,3
"CGATCAC","C14bT",2,37.0771644662753,0
"CGATCAC","C3bT",2,8.86396103067893,0
"CGATCAC","C2bT",1,0,1
"CGATCAC","C7aT",1,30.3492424049175,0
"CGCATAC","C5aT",1020,27.672315572906,992.327684427094
"CGCATAC","C5bT",432,9.24264068711929,422.757359312881
"CGCATAC","C0bT",60,0,60
"CGCATAC","C27bT",18,1840.32521472478,0
"CGCATAC","C27aT",13,1198.60530189013,0
"CGCATAC","C18bT",12,1239.6936136447,0
"CGCATAC","C9aT",12,832.806559961671,0
"CGCATAC","C0aT",11,200.293835492495,0
"CGCATAC","C9bT",11,1012.08344058943,0
"CGCATAC","C12aT",8,332.995995386643,0
"CGCATAC","C20aT",6,426.120887067671,0
"CGCATAC","C20bT",2,311.481276760882,0
"CGCATAC","C14aT",1,55.8050865276332,0
"CGCATAC","C2bT",1,0,1
"CGCATAC","C7bT",1,0,1
"CGGATGA","C0aT",553,200.293835492495,352.706164507505
"CGGATGA","C5aT",233,27.672315572906,205.327684427094
"CGGATGA","C5bT",95,9.24264068711929,85.7573593128807
"CGGATGA","C27bT",48,1840.32521472478,0
"CGGATGA","C0bT",36,0,36
"CGGATGA","C18bT",29,1239.6936136447,0
"CGGATGA","C27aT",22,1198.60530189013,0
"CGGATGA","C9aT",22,832.806559961671,0
"CGGATGA","C9bT",12,1012.08344058943,0
"CGGATGA","C12aT",11,332.995995386643,0
"CGGATGA","C20bT",7,311.481276760882,0
"CGGATGA","C20aT",6,426.120887067671,0
"CGGATGA","C7bT",3,0,3
"CGGATGA","C3bT",1,8.86396103067893,0
"CGGATGA","C7aT",1,30.3492424049175,0
"CGTTTCA","C5aT",12062,27.672315572906,12034.3276844271
"CGTTTCA","C5bT",4387,9.24264068711929,4377.75735931288
"CGTTTCA","C18bT",1581,1239.6936136447,341.306386355299
"CGTTTCA","C27bT",1160,1840.32521472478,0
"CGTTTCA","C27aT",658,1198.60530189013,0
"CGTTTCA","C0bT",576,0,576
"CGTTTCA","C9aT",275,832.806559961671,0
"CGTTTCA","C9bT",200,1012.08344058943,0
"CGTTTCA","C0aT",171,200.293835492495,0
"CGTTTCA","C20aT",155,426.120887067671,0
"CGTTTCA","C12aT",104,332.995995386643,0
"CGTTTCA","C20bT",96,311.481276760882,0
"CGTTTCA","C14aT",22,55.8050865276332,0
"CGTTTCA","C7aT",22,30.3492424049175,0
"CGTTTCA","C14bT",19,37.0771644662753,0
"CGTTTCA","C13aT",8,8.86396103067893,0
"CGTTTCA","C3bT",8,8.86396103067893,0
"CGTTTCA","C8bT",8,0,8
"CGTTTCA","C7bT",7,0,7
"CGTTTCA","C6bT",5,0,5
"CGTTTCA","C15aT",4,1,3
"CGTTTCA","C18aT",4,0,4
"CGTTTCA","C12bT",3,8.86396103067893,0
"CGTTTCA","C2bT",3,0,3
"CGTTTCA","C10bT",1,0,1
"CGTTTCA","C15bT",1,0,1
"CGTTTCA","C2aT",1,0,1
"CGTTTCA","C8aT",1,0,1
"CTACGTT","C0aT",782,200.293835492495,581.706164507505
"CTACGTT","C5aT",319,27.672315572906,291.327684427094
"CTACGTT","C5bT",143,9.24264068711929,133.757359312881
"CTACGTT","C27bT",91,1840.32521472478,0
"CTACGTT","C18bT",89,1239.6936136447,0
"CTACGTT","C27aT",71,1198.60530189013,0
"CTACGTT","C0bT",53,0,53
"CTACGTT","C9aT",31,832.806559961671,0
"CTACGTT","C9bT",29,1012.08344058943,0
"CTACGTT","C20aT",21,426.120887067671,0
"CTACGTT","C20bT",20,311.481276760882,0
"CTACGTT","C12aT",15,332.995995386643,0
"CTACGTT","C7aT",3,30.3492424049175,0
"CTACGTT","C14aT",2,55.8050865276332,0
"CTACGTT","C14bT",2,37.0771644662753,0
"CTACGTT","C2bT",1,0,1
"CTACGTT","C3bT",1,8.86396103067893,0
"CTGGTAC","C0aT",983,200.293835492495,782.706164507505
"CTGGTAC","C5aT",457,27.672315572906,429.327684427094
"CTGGTAC","C5bT",165,9.24264068711929,155.757359312881
"CTGGTAC","C27bT",153,1840.32521472478,0
"CTGGTAC","C18bT",126,1239.6936136447,0
"CTGGTAC","C27aT",86,1198.60530189013,0
"CTGGTAC","C0bT",75,0,75
"CTGGTAC","C9aT",70,832.806559961671,0
"CTGGTAC","C9bT",64,1012.08344058943,0
"CTGGTAC","C20aT",32,426.120887067671,0
"CTGGTAC","C12aT",27,332.995995386643,0
"CTGGTAC","C20bT",19,311.481276760882,0
"CTGGTAC","C7aT",9,30.3492424049175,0
"CTGGTAC","C6bT",4,0,4
"CTGGTAC","C14aT",3,55.8050865276332,0
"CTGGTAC","C14bT",3,37.0771644662753,0
"CTGGTAC","C7bT",3,0,3
"CTGGTAC","C12bT",2,8.86396103067893,0
"CTGGTAC","C15bT",1,0,1
"CTGGTAC","C2aT",1,0,1
"CTGGTAC","C8bT",1,0,1
"CTTTCCA","C0aT",1411,200.293835492495,1210.70616450751
"CTTTCCA","C5aT",587,27.672315572906,559.327684427094
"CTTTCCA","C27bT",338,1840.32521472478,0
"CTTTCCA","C18bT",263,1239.6936136447,0
"CTTTCCA","C5bT",235,9.24264068711929,225.757359312881
"CTTTCCA","C27aT",182,1198.60530189013,0
"CTTTCCA","C9aT",106,832.806559961671,0
"CTTTCCA","C9bT",88,1012.08344058943,0
"CTTTCCA","C0bT",84,0,84
"CTTTCCA","C20aT",66,426.120887067671,0
"CTTTCCA","C12aT",64,332.995995386643,0
"CTTTCCA","C20bT",52,311.481276760882,0
"CTTTCCA","C7bT",10,0,10
"CTTTCCA","C7aT",9,30.3492424049175,0
"CTTTCCA","C14aT",8,55.8050865276332,0
"CTTTCCA","C14bT",2,37.0771644662753,0
"CTTTCCA","C2aT",2,0,2
"CTTTCCA","C6bT",2,0,2
"CTTTCCA","C12bT",1,8.86396103067893,0
"CTTTCCA","C2bT",1,0,1
"CTTTCCA","C8aT",1,0,1
"GAACTGA","C0aT",1590,200.293835492495,1389.70616450751
"GAACTGA","C5aT",527,27.672315572906,499.327684427094
"GAACTGA","C5bT",186,9.24264068711929,176.757359312881
"GAACTGA","C18bT",142,1239.6936136447,0
"GAACTGA","C27bT",109,1840.32521472478,0
"GAACTGA","C0bT",91,0,91
"GAACTGA","C27aT",74,1198.60530189013,0
"GAACTGA","C9aT",50,832.806559961671,0
"GAACTGA","C12aT",25,332.995995386643,0
"GAACTGA","C9bT",25,1012.08344058943,0
"GAACTGA","C20bT",19,311.481276760882,0
"GAACTGA","C20aT",15,426.120887067671,0
"GAACTGA","C14bT",5,37.0771644662753,0
"GAACTGA","C13aT",4,8.86396103067893,0
"GAACTGA","C14aT",3,55.8050865276332,0
"GAACTGA","C15aT",2,1,1
"GAACTGA","C6bT",2,0,2
"GAACTGA","C7aT",2,30.3492424049175,0
"GAACTGA","C18aT",1,0,1
"GAACTGA","C2aT",1,0,1
"GAACTGA","C2bT",1,0,1
"GAACTGA","C7bT",1,0,1
"GAACTGA","C8aT",1,0,1
"GAATCGA","C0aT",3042,200.293835492495,2841.70616450751
"GAATCGA","C5aT",2134,27.672315572906,2106.32768442709
"GAATCGA","C5bT",824,9.24264068711929,814.757359312881
"GAATCGA","C0bT",320,0,320
"GAATCGA","C18bT",111,1239.6936136447,0
"GAATCGA","C27bT",103,1840.32521472478,0
"GAATCGA","C27aT",71,1198.60530189013,0
"GAATCGA","C9aT",42,832.806559961671,0
"GAATCGA","C9bT",37,1012.08344058943,0
"GAATCGA","C20aT",20,426.120887067671,0
"GAATCGA","C12aT",18,332.995995386643,0
"GAATCGA","C20bT",11,311.481276760882,0
"GAATCGA","C7aT",5,30.3492424049175,0
"GAATCGA","C12bT",1,8.86396103067893,0
"GAATCGA","C14aT",1,55.8050865276332,0
"GAATCGA","C2bT",1,0,1
"GAATCGA","C7bT",1,0,1
"GAATCGA","C8aT",1,0,1
"GAATCGA","C8bT",1,0,1
"GATATCG","C5aT",3168,27.672315572906,3140.32768442709
"GATATCG","C5bT",1258,9.24264068711929,1248.75735931288
"GATATCG","C27bT",239,1840.32521472478,0
"GATATCG","C18bT",227,1239.6936136447,0
"GATATCG","C27aT",155,1198.60530189013,0
"GATATCG","C9aT",119,832.806559961671,0
"GATATCG","C9bT",99,1012.08344058943,0
"GATATCG","C20aT",50,426.120887067671,0
"GATATCG","C12aT",47,332.995995386643,0
"GATATCG","C0aT",43,200.293835492495,0
"GATATCG","C20bT",21,311.481276760882,0
"GATATCG","C7aT",14,30.3492424049175,0
"GATATCG","C12bT",5,8.86396103067893,0
"GATATCG","C14aT",5,55.8050865276332,0
"GATATCG","C14bT",3,37.0771644662753,0
"GATATCG","C2bT",3,0,3
"GATATCG","C0bT",1,0,1
"GATATCG","C3aT",1,0,1
"GATATCG","C3bT",1,8.86396103067893,0
"GATATCG","C6aT",1,0,1
"GATTGGC","C5aT",1542,27.672315572906,1514.32768442709
"GATTGGC","C5bT",607,9.24264068711929,597.757359312881
"GATTGGC","C27bT",95,1840.32521472478,0
"GATTGGC","C18bT",63,1239.6936136447,0
"GATTGGC","C27aT",53,1198.60530189013,0
"GATTGGC","C9aT",29,832.806559961671,0
"GATTGGC","C9bT",25,1012.08344058943,0
"GATTGGC","C12aT",22,332.995995386643,0
"GATTGGC","C20aT",20,426.120887067671,0
"GATTGGC","C0aT",13,200.293835492495,0
"GATTGGC","C20bT",4,311.481276760882,0
"GATTGGC","C14aT",2,55.8050865276332,0
"GATTGGC","C7aT",2,30.3492424049175,0
"GATTGGC","C7bT",2,0,2
"GATTGGC","C14bT",1,37.0771644662753,0
"GATTGGC","C6aT",1,0,1
"GATTGGC","C6bT",1,0,1
"GCAACGA","C8aT",10814,0,10814
"GCAACGA","C18bT",6375,1239.6936136447,5135.3063863553
"GCAACGA","C27bT",3563,1840.32521472478,1722.67478527522
"GCAACGA","C27aT",2812,1198.60530189013,1613.39469810987
"GCAACGA","C8bT",2580,0,2580
"GCAACGA","C9aT",753,832.806559961671,0
"GCAACGA","C9bT",664,1012.08344058943,0
"GCAACGA","C0aT",416,200.293835492495,215.706164507505
"GCAACGA","C20aT",386,426.120887067671,0
"GCAACGA","C20bT",320,311.481276760882,8.51872323911823
"GCAACGA","C12aT",313,332.995995386643,0
"GCAACGA","C14aT",64,55.8050865276332,8.19491347236679
"GCAACGA","C5aT",48,27.672315572906,20.327684427094
"GCAACGA","C7aT",40,30.3492424049175,9.6507575950825
"GCAACGA","C7bT",28,0,28
"GCAACGA","C13aT",18,8.86396103067893,9.13603896932107
"GCAACGA","C15bT",16,0,16
"GCAACGA","C10bT",14,0,14
"GCAACGA","C5bT",13,9.24264068711929,3.75735931288071
"GCAACGA","C18aT",10,0,10
"GCAACGA","C14bT",9,37.0771644662753,0
"GCAACGA","C3bT",9,8.86396103067893,0.136038969321072
"GCAACGA","C15aT",8,1,7
"GCAACGA","C2bT",8,0,8
"GCAACGA","C12bT",7,8.86396103067893,0
"GCAACGA","C6bT",6,0,6
"GCAACGA","C2aT",5,0,5
"GCAACGA","C3aT",3,0,3
"GCAACGA","C6aT",3,0,3
"GCAACGA","C0bT",1,0,1
"GCCATAC","C5aT",627,27.672315572906,599.327684427094
"GCCATAC","C5bT",254,9.24264068711929,244.757359312881
"GCCATAC","C27bT",232,1840.32521472478,0
"GCCATAC","C18bT",231,1239.6936136447,0
"GCCATAC","C27aT",119,1198.60530189013,0
"GCCATAC","C9aT",87,832.806559961671,0
"GCCATAC","C9bT",81,1012.08344058943,0
"GCCATAC","C12aT",53,332.995995386643,0
"GCCATAC","C20aT",45,426.120887067671,0
"GCCATAC","C0aT",28,200.293835492495,0
"GCCATAC","C20bT",21,311.481276760882,0
"GCCATAC","C7aT",10,30.3492424049175,0
"GCCATAC","C7bT",7,0,7
"GCCATAC","C14aT",4,55.8050865276332,0
"GCCATAC","C14bT",4,37.0771644662753,0
"GCCATAC","C12bT",2,8.86396103067893,0
"GCCATAC","C15bT",1,0,1
"GCCATAC","C3aT",1,0,1
"GCCATAC","C3bT",1,8.86396103067893,0
"GCCATAC","C8aT",1,0,1
"GCCTATA","C0aT",624,200.293835492495,423.706164507505
"GCCTATA","C5aT",242,27.672315572906,214.327684427094
"GCCTATA","C5bT",122,9.24264068711929,112.757359312881
"GCCTATA","C27bT",62,1840.32521472478,0
"GCCTATA","C9aT",46,832.806559961671,0
"GCCTATA","C18bT",44,1239.6936136447,0
"GCCTATA","C0bT",37,0,37
"GCCTATA","C27aT",33,1198.60530189013,0
"GCCTATA","C9bT",22,1012.08344058943,0
"GCCTATA","C12aT",20,332.995995386643,0
"GCCTATA","C20aT",14,426.120887067671,0
"GCCTATA","C20bT",14,311.481276760882,0
"GCCTATA","C7bT",5,0,5
"GCCTATA","C6bT",3,0,3
"GCCTATA","C7aT",3,30.3492424049175,0
"GCCTATA","C12bT",1,8.86396103067893,0
"GCCTATA","C13aT",1,8.86396103067893,0
"GCCTATA","C14bT",1,37.0771644662753,0
"GCCTATA","C18aT",1,0,1
"GCCTATA","C3bT",1,8.86396103067893,0
"GCTTTCT","C0aT",879,200.293835492495,678.706164507505
"GCTTTCT","C8aT",205,0,205
"GCTTTCT","C18bT",69,1239.6936136447,0
"GCTTTCT","C27bT",68,1840.32521472478,0
"GCTTTCT","C8bT",57,0,57
"GCTTTCT","C27aT",41,1198.60530189013,0
"GCTTTCT","C0bT",38,0,38
"GCTTTCT","C9bT",27,1012.08344058943,0
"GCTTTCT","C9aT",19,832.806559961671,0
"GCTTTCT","C12aT",17,332.995995386643,0
"GCTTTCT","C20aT",10,426.120887067671,0
"GCTTTCT","C20bT",6,311.481276760882,0
"GCTTTCT","C18aT",2,0,2
"GCTTTCT","C7aT",2,30.3492424049175,0
"GCTTTCT","C14aT",1,55.8050865276332,0
"GCTTTCT","C15bT",1,0,1
"GCTTTCT","C2aT",1,0,1
"GGACCTA","C5aT",178,27.672315572906,150.327684427094
"GGACCTA","C5bT",62,9.24264068711929,52.7573593128807
"GGACCTA","C27bT",36,1840.32521472478,0
"GGACCTA","C27aT",24,1198.60530189013,0
"GGACCTA","C18bT",17,1239.6936136447,0
"GGACCTA","C9bT",11,1012.08344058943,0
"GGACCTA","C9aT",10,832.806559961671,0
"GGACCTA","C20aT",8,426.120887067671,0
"GGACCTA","C12aT",6,332.995995386643,0
"GGACCTA","C0aT",4,200.293835492495,0
"GGACCTA","C20bT",4,311.481276760882,0
"GGACCTA","C14aT",2,55.8050865276332,0
"GGACCTA","C15bT",1,0,1
"GGACCTA","C18aT",1,0,1
"GGACCTA","C6bT",1,0,1
"GGACCTA","C8bT",1,0,1
"GGTCATG","C5aT",951,27.672315572906,923.327684427094
"GGTCATG","C5bT",412,9.24264068711929,402.757359312881
"GGTCATG","C27bT",307,1840.32521472478,0
"GGTCATG","C18bT",227,1239.6936136447,0
"GGTCATG","C27aT",189,1198.60530189013,0
"GGTCATG","C9aT",152,832.806559961671,0
"GGTCATG","C9bT",137,1012.08344058943,0
"GGTCATG","C20aT",80,426.120887067671,0
"GGTCATG","C12aT",76,332.995995386643,0
"GGTCATG","C0aT",48,200.293835492495,0
"GGTCATG","C20bT",44,311.481276760882,0
"GGTCATG","C7aT",16,30.3492424049175,0
"GGTCATG","C14aT",9,55.8050865276332,0
"GGTCATG","C13aT",4,8.86396103067893,0
"GGTCATG","C14bT",4,37.0771644662753,0
"GGTCATG","C7bT",4,0,4
"GGTCATG","C12bT",3,8.86396103067893,0
"GGTCATG","C15bT",2,0,2
"GGTCATG","C2aT",2,0,2
"GGTCATG","C6bT",2,0,2
"GGTCATG","C8bT",2,0,2
"GGTCATG","C18aT",1,0,1
"GGTCATG","C3bT",1,8.86396103067893,0
"GTCCTCT","C14bT",78,37.0771644662753,40.9228355337247
"GTCCTCT","C27bT",33,1840.32521472478,0
"GTCCTCT","C27aT",29,1198.60530189013,0
"GTCCTCT","C18bT",25,1239.6936136447,0
"GTCCTCT","C14aT",14,55.8050865276332,0
"GTCCTCT","C20aT",12,426.120887067671,0
"GTCCTCT","C9aT",12,832.806559961671,0
"GTCCTCT","C5aT",11,27.672315572906,0
"GTCCTCT","C20bT",9,311.481276760882,0
"GTCCTCT","C0aT",6,200.293835492495,0
"GTCCTCT","C9bT",6,1012.08344058943,0
"GTCCTCT","C12aT",5,332.995995386643,0
"GTCCTCT","C5bT",4,9.24264068711929,0
"GTCCTCT","C7aT",2,30.3492424049175,0
"GTCCTCT","C12bT",1,8.86396103067893,0
"GTCCTCT","C6aT",1,0,1
"GTCGTAT","C5aT",3821,27.672315572906,3793.32768442709
"GTCGTAT","C5bT",1399,9.24264068711929,1389.75735931288
"GTCGTAT","C27bT",590,1840.32521472478,0
"GTCGTAT","C18bT",579,1239.6936136447,0
"GTCGTAT","C27aT",305,1198.60530189013,0
"GTCGTAT","C9aT",193,832.806559961671,0
"GTCGTAT","C9bT",143,1012.08344058943,0
"GTCGTAT","C12aT",115,332.995995386643,0
"GTCGTAT","C20aT",102,426.120887067671,0
"GTCGTAT","C0aT",79,200.293835492495,0
"GTCGTAT","C20bT",78,311.481276760882,0
"GTCGTAT","C14aT",16,55.8050865276332,0
"GTCGTAT","C7aT",9,30.3492424049175,0
"GTCGTAT","C14bT",5,37.0771644662753,0
"GTCGTAT","C2aT",5,0,5
"GTCGTAT","C3bT",4,8.86396103067893,0
"GTCGTAT","C12bT",3,8.86396103067893,0
"GTCGTAT","C1bT",3,0,3
"GTCGTAT","C8bT",3,0,3
"GTCGTAT","C15bT",2,0,2
"GTCGTAT","C7bT",2,0,2
"GTCGTAT","C18aT",1,0,1
"GTCGTAT","C2bT",1,0,1
"GTCGTAT","C6aT",1,0,1
"GTCTTCT","C5aT",6592,27.672315572906,6564.32768442709
"GTCTTCT","C5bT",2535,9.24264068711929,2525.75735931288
"GTCTTCT","C18bT",743,1239.6936136447,0
"GTCTTCT","C27bT",679,1840.32521472478,0
"GTCTTCT","C27aT",494,1198.60530189013,0
"GTCTTCT","C9aT",249,832.806559961671,0
"GTCTTCT","C9bT",183,1012.08344058943,0
"GTCTTCT","C0aT",106,200.293835492495,0
"GTCTTCT","C12aT",96,332.995995386643,0
"GTCTTCT","C20aT",92,426.120887067671,0
"GTCTTCT","C20bT",91,311.481276760882,0
"GTCTTCT","C14aT",15,55.8050865276332,0
"GTCTTCT","C7bT",14,0,14
"GTCTTCT","C7aT",13,30.3492424049175,0
"GTCTTCT","C8bT",9,0,9
"GTCTTCT","C3bT",6,8.86396103067893,0
"GTCTTCT","C12bT",5,8.86396103067893,0
"GTCTTCT","C13aT",5,8.86396103067893,0
"GTCTTCT","C14bT",4,37.0771644662753,0
"GTCTTCT","C18aT",4,0,4
"GTCTTCT","C6bT",3,0,3
"GTCTTCT","C8aT",2,0,2
"GTCTTCT","C2aT",1,0,1
"GTGAAGA","C2bT",325,0,325
"GTGAAGA","C2aT",138,0,138
"GTGAAGA","C27bT",45,1840.32521472478,0
"GTGAAGA","C18bT",42,1239.6936136447,0
"GTGAAGA","C27aT",22,1198.60530189013,0
"GTGAAGA","C9bT",16,1012.08344058943,0
"GTGAAGA","C9aT",14,832.806559961671,0
"GTGAAGA","C20aT",9,426.120887067671,0
"GTGAAGA","C12aT",8,332.995995386643,0
"GTGAAGA","C20bT",8,311.481276760882,0
"GTGAAGA","C0aT",6,200.293835492495,0
"GTGAAGA","C5aT",4,27.672315572906,0
"GTGAAGA","C7bT",4,0,4
"GTGAAGA","C7aT",2,30.3492424049175,0
"GTGAAGA","C14aT",1,55.8050865276332,0
"GTGAAGA","C14bT",1,37.0771644662753,0
"GTGATAC","C8aT",768,0,768
"GTGATAC","C8bT",126,0,126
"GTGATAC","C0bT",69,0,69
"GTGATAC","C27aT",58,1198.60530189013,0
"GTGATAC","C27bT",49,1840.32521472478,0
"GTGATAC","C18bT",47,1239.6936136447,0
"GTGATAC","C9aT",27,832.806559961671,0
"GTGATAC","C20aT",15,426.120887067671,0
"GTGATAC","C20bT",13,311.481276760882,0
"GTGATAC","C9bT",12,1012.08344058943,0
"GTGATAC","C0aT",9,200.293835492495,0
"GTGATAC","C12aT",8,332.995995386643,0
"GTGATAC","C5aT",3,27.672315572906,0
"GTGATAC","C14bT",2,37.0771644662753,0
"GTGATAC","C14aT",1,55.8050865276332,0
"GTGATAC","C15aT",1,1,0
"GTGATAC","C15bT",1,0,1
"GTGATAC","C3aT",1,0,1
"GTGATAC","C3bT",1,8.86396103067893,0
"GTGATAC","C7aT",1,30.3492424049175,0
"GTGCTAT","C5aT",692,27.672315572906,664.327684427094
"GTGCTAT","C5bT",274,9.24264068711929,264.757359312881
"GTGCTAT","C27bT",111,1840.32521472478,0
"GTGCTAT","C18bT",91,1239.6936136447,0
"GTGCTAT","C27aT",61,1198.60530189013,0
"GTGCTAT","C9aT",51,832.806559961671,0
"GTGCTAT","C9bT",31,1012.08344058943,0
"GTGCTAT","C20aT",26,426.120887067671,0
"GTGCTAT","C12aT",25,332.995995386643,0
"GTGCTAT","C0aT",13,200.293835492495,0
"GTGCTAT","C20bT",12,311.481276760882,0
"GTGCTAT","C14aT",4,55.8050865276332,0
"GTGCTAT","C14bT",2,37.0771644662753,0
"GTGCTAT","C2bT",2,0,2
"GTGCTAT","C6bT",2,0,2
"GTGCTAT","C3bT",1,8.86396103067893,0
"GTGCTAT","C7aT",1,30.3492424049175,0
"GTGCTAT","C7bT",1,0,1
"GTGCTAT","C8aT",1,0,1
"GTGTCCT","C5aT",272,27.672315572906,244.327684427094
"GTGTCCT","C5bT",102,9.24264068711929,92.7573593128807
"GTGTCCT","C18bT",40,1239.6936136447,0
"GTGTCCT","C27bT",30,1840.32521472478,0
"GTGTCCT","C9aT",24,832.806559961671,0
"GTGTCCT","C27aT",20,1198.60530189013,0
"GTGTCCT","C9bT",19,1012.08344058943,0
"GTGTCCT","C12aT",9,332.995995386643,0
"GTGTCCT","C20bT",9,311.481276760882,0
"GTGTCCT","C20aT",6,426.120887067671,0
"GTGTCCT","C0aT",3,200.293835492495,0
"GTGTCCT","C13aT",3,8.86396103067893,0
"GTGTCCT","C7bT",3,0,3
"GTGTCCT","C14aT",1,55.8050865276332,0
"GTGTCCT","C15aT",1,1,0
"GTGTCCT","C7aT",1,30.3492424049175,0
"GTGTCCT","C8bT",1,0,1
"GTTGCTA","C5aT",3737,27.672315572906,3709.32768442709
"GTTGCTA","C5bT",1391,9.24264068711929,1381.75735931288
"GTTGCTA","C18bT",487,1239.6936136447,0
"GTTGCTA","C27bT",460,1840.32521472478,0
"GTTGCTA","C27aT",334,1198.60530189013,0
"GTTGCTA","C9aT",213,832.806559961671,0
"GTTGCTA","C9bT",148,1012.08344058943,0
"GTTGCTA","C20aT",123,426.120887067671,0
"GTTGCTA","C12aT",95,332.995995386643,0
"GTTGCTA","C0aT",64,200.293835492495,0
"GTTGCTA","C20bT",63,311.481276760882,0
"GTTGCTA","C7aT",15,30.3492424049175,0
"GTTGCTA","C14aT",12,55.8050865276332,0
"GTTGCTA","C14bT",6,37.0771644662753,0
"GTTGCTA","C3bT",6,8.86396103067893,0
"GTTGCTA","C7bT",4,0,4
"GTTGCTA","C8bT",4,0,4
"GTTGCTA","C18aT",3,0,3
"GTTGCTA","C13aT",2,8.86396103067893,0
"GTTGCTA","C2bT",2,0,2
"GTTGCTA","C3aT",2,0,2
"GTTGCTA","C6bT",2,0,2
"GTTGCTA","C15bT",1,0,1
"GTTGCTA","C2aT",1,0,1
"GTTTCGG","C0aT",1,200.293835492495,0
"GTTTCGG","C5aT",1,27.672315572906,0
"GTTTCGG","C9aT",1,832.806559961671,0
"TAAGATA","C5aT",40756,27.672315572906,40728.3276844271
"TAAGATA","C5bT",15964,9.24264068711929,15954.7573593129
"TAAGATA","C18bT",4315,1239.6936136447,3075.3063863553
"TAAGATA","C27bT",3925,1840.32521472478,2084.67478527522
"TAAGATA","C27aT",2496,1198.60530189013,1297.39469810987
"TAAGATA","C9aT",1522,832.806559961671,689.193440038329
"TAAGATA","C9bT",1088,1012.08344058943,75.9165594105655
"TAAGATA","C0aT",742,200.293835492495,541.706164507505
"TAAGATA","C20aT",674,426.120887067671,247.879112932329
"TAAGATA","C12aT",568,332.995995386643,235.004004613357
"TAAGATA","C7bT",347,0,347
"TAAGATA","C20bT",306,311.481276760882,0
"TAAGATA","C14bT",81,37.0771644662753,43.9228355337247
"TAAGATA","C7aT",55,30.3492424049175,24.6507575950825
"TAAGATA","C8bT",52,0,52
"TAAGATA","C14aT",37,55.8050865276332,0
"TAAGATA","C15aT",31,1,30
"TAAGATA","C18aT",22,0,22
"TAAGATA","C2aT",19,0,19
"TAAGATA","C13aT",18,8.86396103067893,9.13603896932107
"TAAGATA","C3aT",18,0,18
"TAAGATA","C12bT",15,8.86396103067893,6.13603896932107
"TAAGATA","C2bT",15,0,15
"TAAGATA","C8aT",11,0,11
"TAAGATA","C6bT",9,0,9
"TAAGATA","C4bT",8,0,8
"TAAGATA","C3bT",7,8.86396103067893,0
"TAAGATA","C15bT",3,0,3
"TAAGATA","C6aT",3,0,3
"TAAGATA","C0bT",1,0,1
"TAAGATA","C1bT",1,0,1
"TACCTTC","C8aT",239,0,239
"TACCTTC","C18bT",98,1239.6936136447,0
"TACCTTC","C27bT",95,1840.32521472478,0
"TACCTTC","C27aT",63,1198.60530189013,0
"TACCTTC","C8bT",50,0,50
"TACCTTC","C9bT",35,1012.08344058943,0
"TACCTTC","C9aT",33,832.806559961671,0
"TACCTTC","C20aT",16,426.120887067671,0
"TACCTTC","C0aT",13,200.293835492495,0
"TACCTTC","C12aT",12,332.995995386643,0
"TACCTTC","C20bT",10,311.481276760882,0
"TACCTTC","C7aT",5,30.3492424049175,0
"TACCTTC","C5aT",3,27.672315572906,0
"TACCTTC","C2bT",2,0,2
"TACCTTC","C12bT",1,8.86396103067893,0
"TAGAACG","C18bT",220,1239.6936136447,0
"TAGAACG","C27bT",202,1840.32521472478,0
"TAGAACG","C27aT",116,1198.60530189013,0
"TAGAACG","C9aT",113,832.806559961671,0
"TAGAACG","C9bT",92,1012.08344058943,0
"TAGAACG","C20aT",67,426.120887067671,0
"TAGAACG","C12aT",63,332.995995386643,0
"TAGAACG","C0aT",38,200.293835492495,0
"TAGAACG","C20bT",31,311.481276760882,0
"TAGAACG","C7aT",12,30.3492424049175,0
"TAGAACG","C5aT",9,27.672315572906,0
"TAGAACG","C14aT",6,55.8050865276332,0
"TAGAACG","C5bT",6,9.24264068711929,0
"TAGAACG","C14bT",3,37.0771644662753,0
"TAGAACG","C12bT",1,8.86396103067893,0
"TAGAACG","C13aT",1,8.86396103067893,0
"TAGAACG","C15aT",1,1,0
"TAGAACG","C3bT",1,8.86396103067893,0
"TAGAGCG","C5aT",37818,27.672315572906,37790.3276844271
"TAGAGCG","C5bT",16168,9.24264068711929,16158.7573593129
"TAGAGCG","C27bT",8720,1840.32521472478,6879.67478527522
"TAGAGCG","C18bT",7105,1239.6936136447,5865.3063863553
"TAGAGCG","C27aT",6252,1198.60530189013,5053.39469810987
"TAGAGCG","C9aT",4531,832.806559961671,3698.19344003833
"TAGAGCG","C9bT",3846,1012.08344058943,2833.91655941057
"TAGAGCG","C12aT",2088,332.995995386643,1755.00400461336
"TAGAGCG","C20aT",1711,426.120887067671,1284.87911293233
"TAGAGCG","C0aT",1388,200.293835492495,1187.70616450751
"TAGAGCG","C20bT",1279,311.481276760882,967.518723239118
"TAGAGCG","C7aT",254,30.3492424049175,223.650757595082
"TAGAGCG","C14aT",208,55.8050865276332,152.194913472367
"TAGAGCG","C14bT",167,37.0771644662753,129.922835533725
"TAGAGCG","C12bT",52,8.86396103067893,43.1360389693211
"TAGAGCG","C18aT",50,0,50
"TAGAGCG","C15aT",49,1,48
"TAGAGCG","C3bT",48,8.86396103067893,39.1360389693211
"TAGAGCG","C7bT",38,0,38
"TAGAGCG","C8bT",20,0,20
"TAGAGCG","C6bT",18,0,18
"TAGAGCG","C8aT",18,0,18
"TAGAGCG","C2aT",16,0,16
"TAGAGCG","C2bT",15,0,15
"TAGAGCG","C13aT",13,8.86396103067893,4.13603896932107
"TAGAGCG","C3aT",5,0,5
"TAGAGCG","C6aT",4,0,4
"TAGAGCG","C0bT",2,0,2
"TAGAGCG","C10bT",2,0,2
"TAGATGA","C0aT",4966,200.293835492495,4765.70616450751
"TAGATGA","C5aT",4881,27.672315572906,4853.32768442709
"TAGATGA","C18bT",1904,1239.6936136447,664.306386355299
"TAGATGA","C5bT",1520,9.24264068711929,1510.75735931288
"TAGATGA","C27bT",974,1840.32521472478,0
"TAGATGA","C27aT",551,1198.60530189013,0
"TAGATGA","C0bT",286,0,286
"TAGATGA","C9aT",231,832.806559961671,0
"TAGATGA","C9bT",182,1012.08344058943,0
"TAGATGA","C20bT",97,311.481276760882,0
"TAGATGA","C12aT",92,332.995995386643,0
"TAGATGA","C20aT",92,426.120887067671,0
"TAGATGA","C14aT",20,55.8050865276332,0
"TAGATGA","C8bT",18,0,18
"TAGATGA","C7aT",15,30.3492424049175,0
"TAGATGA","C13aT",9,8.86396103067893,0.136038969321072
"TAGATGA","C14bT",6,37.0771644662753,0
"TAGATGA","C15aT",4,1,3
"TAGATGA","C15bT",4,0,4
"TAGATGA","C18aT",4,0,4
"TAGATGA","C7bT",4,0,4
"TAGATGA","C12bT",3,8.86396103067893,0
"TAGATGA","C2aT",3,0,3
"TAGATGA","C2bT",3,0,3
"TAGATGA","C8aT",3,0,3
"TAGATGA","C3bT",1,8.86396103067893,0
"TAGATGA","C6bT",1,0,1
"TATGCAG","C0aT",348,200.293835492495,147.706164507505
"TATGCAG","C5aT",165,27.672315572906,137.327684427094
"TATGCAG","C5bT",64,9.24264068711929,54.7573593128807
"TATGCAG","C18bT",60,1239.6936136447,0
"TATGCAG","C27bT",57,1840.32521472478,0
"TATGCAG","C27aT",44,1198.60530189013,0
"TATGCAG","C9aT",24,832.806559961671,0
"TATGCAG","C0bT",18,0,18
"TATGCAG","C20aT",11,426.120887067671,0
"TATGCAG","C9bT",11,1012.08344058943,0
"TATGCAG","C12aT",8,332.995995386643,0
"TATGCAG","C20bT",5,311.481276760882,0
"TATGCAG","C12bT",2,8.86396103067893,0
"TATGCAG","C15aT",2,1,1
"TATGCAG","C3aT",1,0,1
"TATGCAG","C7bT",1,0,1
"TCCTCAT","C5aT",6429,27.672315572906,6401.32768442709
"TCCTCAT","C5bT",2972,9.24264068711929,2962.75735931288
"TCCTCAT","C27bT",1807,1840.32521472478,0
"TCCTCAT","C27aT",1513,1198.60530189013,314.394698109867
"TCCTCAT","C18bT",1350,1239.6936136447,110.306386355299
"TCCTCAT","C9bT",882,1012.08344058943,0
"TCCTCAT","C9aT",875,832.806559961671,42.1934400383287
"TCCTCAT","C12aT",586,332.995995386643,253.004004613357
"TCCTCAT","C20aT",428,426.120887067671,1.87911293232895
"TCCTCAT","C0aT",266,200.293835492495,65.7061645075054
"TCCTCAT","C20bT",258,311.481276760882,0
"TCCTCAT","C7aT",85,30.3492424049175,54.6507575950825
"TCCTCAT","C8bT",38,0,38
"TCCTCAT","C14bT",33,37.0771644662753,0
"TCCTCAT","C10bT",21,0,21
"TCCTCAT","C7bT",18,0,18
"TCCTCAT","C12bT",15,8.86396103067893,6.13603896932107
"TCCTCAT","C13aT",15,8.86396103067893,6.13603896932107
"TCCTCAT","C3bT",15,8.86396103067893,6.13603896932107
"TCCTCAT","C14aT",14,55.8050865276332,0
"TCCTCAT","C15bT",13,0,13
"TCCTCAT","C2aT",5,0,5
"TCCTCAT","C6bT",4,0,4
"TCCTCAT","C8aT",4,0,4
"TCCTCAT","C2bT",3,0,3
"TCCTCAT","C0bT",1,0,1
"TCCTCAT","C15aT",1,1,0
"TCGCGTT","C5aT",133,27.672315572906,105.327684427094
"TCGCGTT","C27bT",76,1840.32521472478,0
"TCGCGTT","C18bT",75,1239.6936136447,0
"TCGCGTT","C27aT",46,1198.60530189013,0
"TCGCGTT","C5bT",36,9.24264068711929,26.7573593128807
"TCGCGTT","C9aT",36,832.806559961671,0
"TCGCGTT","C9bT",21,1012.08344058943,0
"TCGCGTT","C20aT",16,426.120887067671,0
"TCGCGTT","C20bT",10,311.481276760882,0
"TCGCGTT","C0aT",9,200.293835492495,0
"TCGCGTT","C12aT",9,332.995995386643,0
"TCGCGTT","C14aT",3,55.8050865276332,0
"TCGCGTT","C15aT",1,1,0
"TCGCGTT","C15bT",1,0,1
"TCGCGTT","C7bT",1,0,1
"TCGCTAG","C5aT",27868,27.672315572906,27840.3276844271
"TCGCTAG","C2bT",19543,0,19543
"TCGCTAG","C2aT",12263,0,12263
"TCGCTAG","C5bT",10967,9.24264068711929,10957.7573593129
"TCGCTAG","C18bT",1091,1239.6936136447,0
"TCGCTAG","C27bT",972,1840.32521472478,0
"TCGCTAG","C27aT",719,1198.60530189013,0
"TCGCTAG","C9aT",488,832.806559961671,0
"TCGCTAG","C0aT",393,200.293835492495,192.706164507505
"TCGCTAG","C9bT",337,1012.08344058943,0
"TCGCTAG","C20aT",210,426.120887067671,0
"TCGCTAG","C12aT",189,332.995995386643,0
"TCGCTAG","C20bT",146,311.481276760882,0
"TCGCTAG","C7aT",31,30.3492424049175,0.650757595082503
"TCGCTAG","C14aT",20,55.8050865276332,0
"TCGCTAG","C7bT",20,0,20
"TCGCTAG","C3bT",18,8.86396103067893,9.13603896932107
"TCGCTAG","C13aT",9,8.86396103067893,0.136038969321072
"TCGCTAG","C14bT",9,37.0771644662753,0
"TCGCTAG","C8aT",8,0,8
"TCGCTAG","C12bT",7,8.86396103067893,0
"TCGCTAG","C15bT",7,0,7
"TCGCTAG","C8bT",5,0,5
"TCGCTAG","C0bT",3,0,3
"TCGCTAG","C6bT",2,0,2
"TCGCTAG","C10bT",1,0,1
"TCGCTAG","C18aT",1,0,1
"TCGCTAG","C1aT",1,0,1
"TCGCTAG","C3aT",1,0,1
"TCGTACA","C5aT",417,27.672315572906,389.327684427094
"TCGTACA","C5bT",198,9.24264068711929,188.757359312881
"TCGTACA","C27bT",92,1840.32521472478,0
"TCGTACA","C18bT",83,1239.6936136447,0
"TCGTACA","C27aT",41,1198.60530189013,0
"TCGTACA","C9aT",38,832.806559961671,0
"TCGTACA","C20aT",31,426.120887067671,0
"TCGTACA","C12aT",22,332.995995386643,0
"TCGTACA","C9bT",21,1012.08344058943,0
"TCGTACA","C20bT",14,311.481276760882,0
"TCGTACA","C0aT",7,200.293835492495,0
"TCGTACA","C7bT",4,0,4
"TCGTACA","C7aT",3,30.3492424049175,0
"TCGTACA","C12bT",1,8.86396103067893,0
"TCGTACA","C18aT",1,0,1
"TCTGGAA","C5aT",1443,27.672315572906,1415.32768442709
"TCTGGAA","C5bT",482,9.24264068711929,472.757359312881
"TCTGGAA","C27bT",147,1840.32521472478,0
"TCTGGAA","C18bT",119,1239.6936136447,0
"TCTGGAA","C27aT",84,1198.60530189013,0
"TCTGGAA","C9aT",70,832.806559961671,0
"TCTGGAA","C9bT",51,1012.08344058943,0
"TCTGGAA","C0aT",33,200.293835492495,0
"TCTGGAA","C12aT",30,332.995995386643,0
"TCTGGAA","C20aT",28,426.120887067671,0
"TCTGGAA","C20bT",22,311.481276760882,0
"TCTGGAA","C14bT",5,37.0771644662753,0
"TCTGGAA","C7aT",4,30.3492424049175,0
"TCTGGAA","C14aT",2,55.8050865276332,0
"TCTGGAA","C2aT",2,0,2
"TCTGGAA","C6bT",2,0,2
"TCTGGAA","C7bT",2,0,2
"TCTGGAA","C12bT",1,8.86396103067893,0
"TCTGGAA","C13aT",1,8.86396103067893,0
"TCTGGAA","C8bT",1,0,1
"TGACTCT","C5aT",326,27.672315572906,298.327684427094
"TGACTCT","C5bT",137,9.24264068711929,127.757359312881
"TGACTCT","C27bT",35,1840.32521472478,0
"TGACTCT","C18bT",34,1239.6936136447,0
"TGACTCT","C27aT",28,1198.60530189013,0
"TGACTCT","C9aT",19,832.806559961671,0
"TGACTCT","C20aT",17,426.120887067671,0
"TGACTCT","C20bT",13,311.481276760882,0
"TGACTCT","C12aT",8,332.995995386643,0
"TGACTCT","C9bT",8,1012.08344058943,0
"TGACTCT","C7bT",5,0,5
"TGACTCT","C0aT",4,200.293835492495,0
"TGACTCT","C14aT",3,55.8050865276332,0
"TGACTCT","C7aT",2,30.3492424049175,0
"TGACTCT","C14bT",1,37.0771644662753,0
"TGACTCT","C15aT",1,1,0
"TGACTCT","C6aT",1,0,1
"TGACTCT","C8aT",1,0,1
"TGCAAAC","C5aT",721,27.672315572906,693.327684427094
"TGCAAAC","C18bT",615,1239.6936136447,0
"TGCAAAC","C27bT",408,1840.32521472478,0
"TGCAAAC","C5bT",278,9.24264068711929,268.757359312881
"TGCAAAC","C27aT",263,1198.60530189013,0
"TGCAAAC","C9aT",144,832.806559961671,0
"TGCAAAC","C9bT",105,1012.08344058943,0
"TGCAAAC","C20aT",75,426.120887067671,0
"TGCAAAC","C12aT",55,332.995995386643,0
"TGCAAAC","C20bT",54,311.481276760882,0
"TGCAAAC","C0aT",50,200.293835492495,0
"TGCAAAC","C14aT",12,55.8050865276332,0
"TGCAAAC","C18aT",8,0,8
"TGCAAAC","C15aT",7,1,6
"TGCAAAC","C7aT",6,30.3492424049175,0
"TGCAAAC","C15bT",3,0,3
"TGCAAAC","C2bT",3,0,3
"TGCAAAC","C8bT",3,0,3
"TGCAAAC","C10bT",2,0,2
"TGCAAAC","C12bT",2,8.86396103067893,0
"TGCAAAC","C3bT",2,8.86396103067893,0
"TGCAAAC","C7bT",2,0,2
"TGCAAAC","C8aT",2,0,2
"TGCAAAC","C0bT",1,0,1
"TGCAAAC","C13aT",1,8.86396103067893,0
"TGCATCC","C8aT",1418,0,1418
"TGCATCC","C27bT",432,1840.32521472478,0
"TGCATCC","C18bT",396,1239.6936136447,0
"TGCATCC","C27aT",305,1198.60530189013,0
"TGCATCC","C8bT",226,0,226
"TGCATCC","C9aT",151,832.806559961671,0
"TGCATCC","C9bT",137,1012.08344058943,0
"TGCATCC","C12aT",92,332.995995386643,0
"TGCATCC","C20aT",91,426.120887067671,0
"TGCATCC","C20bT",65,311.481276760882,0
"TGCATCC","C0aT",56,200.293835492495,0
"TGCATCC","C14aT",15,55.8050865276332,0
"TGCATCC","C5aT",10,27.672315572906,0
"TGCATCC","C7aT",6,30.3492424049175,0
"TGCATCC","C15aT",5,1,4
"TGCATCC","C5bT",5,9.24264068711929,0
"TGCATCC","C14bT",4,37.0771644662753,0
"TGCATCC","C7bT",3,0,3
"TGCATCC","C2bT",2,0,2
"TGCATCC","C10bT",1,0,1
"TGCATCC","C13aT",1,8.86396103067893,0
"TGCATCC","C15bT",1,0,1
"TGCCCAA","C5aT",460,27.672315572906,432.327684427094
"TGCCCAA","C5bT",212,9.24264068711929,202.757359312881
"TGCCCAA","C18bT",43,1239.6936136447,0
"TGCCCAA","C27bT",43,1840.32521472478,0
"TGCCCAA","C27aT",30,1198.60530189013,0
"TGCCCAA","C12aT",17,332.995995386643,0
"TGCCCAA","C9aT",15,832.806559961671,0
"TGCCCAA","C9bT",11,1012.08344058943,0
"TGCCCAA","C20aT",9,426.120887067671,0
"TGCCCAA","C0aT",7,200.293835492495,0
"TGCCCAA","C20bT",5,311.481276760882,0
"TGCCCAA","C7aT",2,30.3492424049175,0
"TGGGTGA","C5aT",1085,27.672315572906,1057.32768442709
"TGGGTGA","C5bT",379,9.24264068711929,369.757359312881
"TGGGTGA","C0bT",110,0,110
"TGGGTGA","C27bT",72,1840.32521472478,0
"TGGGTGA","C18bT",47,1239.6936136447,0
"TGGGTGA","C27aT",33,1198.60530189013,0
"TGGGTGA","C9aT",30,832.806559961671,0
"TGGGTGA","C20aT",21,426.120887067671,0
"TGGGTGA","C9bT",14,1012.08344058943,0
"TGGGTGA","C0aT",12,200.293835492495,0
"TGGGTGA","C12aT",10,332.995995386643,0
"TGGGTGA","C20bT",6,311.481276760882,0
"TGGGTGA","C14aT",3,55.8050865276332,0
"TGGGTGA","C7bT",2,0,2
"TGGGTGA","C14bT",1,37.0771644662753,0
"TGGGTGA","C7aT",1,30.3492424049175,0
"TGTAGGG","C5aT",526,27.672315572906,498.327684427094
"TGTAGGG","C5bT",233,9.24264068711929,223.757359312881
"TGTAGGG","C27bT",108,1840.32521472478,0
"TGTAGGG","C18bT",78,1239.6936136447,0
"TGTAGGG","C27aT",78,1198.60530189013,0
"TGTAGGG","C9bT",42,1012.08344058943,0
"TGTAGGG","C9aT",37,832.806559961671,0
"TGTAGGG","C0aT",25,200.293835492495,0
"TGTAGGG","C12aT",22,332.995995386643,0
"TGTAGGG","C20aT",20,426.120887067671,0
"TGTAGGG","C20bT",18,311.481276760882,0
"TGTAGGG","C14aT",7,55.8050865276332,0
"TGTAGGG","C14bT",4,37.0771644662753,0
"TGTAGGG","C12bT",2,8.86396103067893,0
"TGTAGGG","C7aT",2,30.3492424049175,0
"TGTAGGG","C7bT",2,0,2
"TGTAGGG","C15aT",1,1,0
"TGTAGGG","C3bT",1,8.86396103067893,0
"TGTATGT","C0aT",46484,200.293835492495,46283.7061645075
"TGTATGT","C5aT",13993,27.672315572906,13965.3276844271
"TGTATGT","C5bT",5074,9.24264068711929,5064.75735931288
"TGTATGT","C18bT",3355,1239.6936136447,2115.3063863553
"TGTATGT","C27bT",2400,1840.32521472478,559.674785275223
"TGTATGT","C0bT",2321,0,2321
"TGTATGT","C27aT",1567,1198.60530189013,368.394698109867
"TGTATGT","C9aT",648,832.806559961671,0
"TGTATGT","C9bT",477,1012.08344058943,0
"TGTATGT","C20aT",323,426.120887067671,0
"TGTATGT","C12aT",240,332.995995386643,0
"TGTATGT","C20bT",192,311.481276760882,0
"TGTATGT","C14aT",63,55.8050865276332,7.19491347236679
"TGTATGT","C7aT",40,30.3492424049175,9.6507575950825
"TGTATGT","C8bT",27,0,27
"TGTATGT","C14bT",21,37.0771644662753,0
"TGTATGT","C18aT",20,0,20
"TGTATGT","C7bT",14,0,14
"TGTATGT","C8aT",14,0,14
"TGTATGT","C3bT",13,8.86396103067893,4.13603896932107
"TGTATGT","C12bT",8,8.86396103067893,0
"TGTATGT","C13aT",6,8.86396103067893,0
"TGTATGT","C6bT",6,0,6
"TGTATGT","C2aT",5,0,5
"TGTATGT","C2bT",5,0,5
"TGTATGT","C6aT",4,0,4
"TGTATGT","C15aT",2,1,1
"TGTATGT","C10bT",1,0,1
"TGTGAAC","C0aT",801,200.293835492495,600.706164507505
"TGTGAAC","C5aT",744,27.672315572906,716.327684427094
"TGTGAAC","C5bT",253,9.24264068711929,243.757359312881
"TGTGAAC","C27bT",46,1840.32521472478,0
"TGTGAAC","C18bT",37,1239.6936136447,0
"TGTGAAC","C9aT",30,832.806559961671,0
"TGTGAAC","C0bT",23,0,23
"TGTGAAC","C27aT",22,1198.60530189013,0
"TGTGAAC","C9bT",15,1012.08344058943,0
"TGTGAAC","C20aT",8,426.120887067671,0
"TGTGAAC","C12aT",7,332.995995386643,0
"TGTGAAC","C20bT",5,311.481276760882,0
"TGTGAAC","C7aT",2,30.3492424049175,0
"TGTGAAC","C7bT",2,0,2
"TGTGAAC","C15aT",1,1,0
"TGTGAAC","C2aT",1,0,1
"TGTGAAC","C3aT",1,0,1
"TGTGAAC","C3bT",1,8.86396103067893,0
"TTCCAGG","C5aT",3,27.672315572906,0
"TTCCAGG","C0aT",2,200.293835492495,0
"TTCCAGG","C20aT",1,426.120887067671,0
"TTCCAGG","C9aT",1,832.806559961671,0
